name,height,weight
A.C. Green,203,106
A.J. Bramlett,196,88
A.J. Guyton,208,99
A.J. Hammons,198,99
A.J. Price,213,124
Aaron Brooks,183,73
Aaron Gordon,206,99
Aaron Gray,213,122
Aaron Harrison,198,95
Aaron McKie,196,94
Aaron Miles,185,79
Aaron Williams,206,99
Acie Law,190,88
Adam Harrington,196,90
Adam Keefe,206,104
Adam Morrison,203,92
Adonal Foyle,208,113
Adonis Thomas,201,90
Adreian Payne,208,107
Adrian Griffin,196,98
Al Harrington,206,104
Al Horford,208,111
Al Jefferson,208,131
Al Thornton,203,99
Al-Farouq Aminu,206,99
Alan Anderson,198,99
Alan Henderson,206,106
Alan Williams,198,90
Alando Tucker,203,86
Alec Burks,198,97
Aleksandar Radojevic,221,113
Alex Abrines,198,86
Alex Acker,196,83
Alex Garcia,190,99
Alex Kirk,213,111
Alex Len,216,117
Alex Poythress,201,107
Alex Scales,193,83
Alex Stepheson,208,122
Alexander Johnson,206,108
Alexey Shved,198,86
Alexis Ajinca,218,112
Allan Houston,198,90
Allan Ray,188,86
Allen Crabbe,198,95
Alonzo Gee,198,102
Alton Ford,185,86
Alvin Jones,211,120
Alvin Williams,198,90
Amal McCaskill,211,106
Amar'e Stoudemire,208,111
Amir Johnson,206,108
Anderson Varejao,208,123
Andrae Patterson,206,107
Andray Blatche,211,106
Andre Barrett,178,78
Andre Brown,206,111
Andre Dawkins,196,97
Andre Drummond,211,126
Andre Emmett,196,104
Andre Iguodala,198,97
Andre Miller,206,102
Andre Owens,193,90
Andre Roberson,196,83
Andrea Bargnani,213,111
Andreas Glyniadakis,216,127
Andrei Kirilenko,206,99
Andres Nocioni,201,102
Andrew Bogut,213,117
Andrew Bynum,213,129
Andrew DeClercq,208,104
Andrew Goudelock,190,90
Andrew Harrison,198,96
Andrew Lang,211,111
Andrew Nicholson,206,113
Andrew Wiggins,203,90
Andris Biedrins,211,108
Andy Panko,206,100
Andy Rautins,193,86
Anfernee Hardaway,201,88
Ansu Sesay,206,102
Antawn Jamison,203,101
Anthony Avent,206,106
Anthony Bennett,203,111
Anthony Brown,206,111
Anthony Carter,185,86
Anthony Davis,206,97
Anthony Goldwire,185,82
Anthony Grundy,190,81
Anthony Johnson,196,97
Anthony Mason,201,113
Anthony Miller,206,102
Anthony Morrow,196,95
Anthony Parker,198,97
Anthony Peeler,193,94
Anthony Randolph,208,92
Anthony Roberson,196,83
Anthony Tolliver,203,108
Antoine Carr,206,102
Antoine Rigaudeau,201,95
Antoine Walker,193,86
Antoine Wright,201,95
Antonio Anderson,188,83
Antonio Burks,185,90
Antonio Daniels,193,88
Antonio Davis,206,97
Antonio Harvey,211,102
Antonio Lang,211,111
Antonio McDyess,206,99
Antonis Fotsis,208,99
Archie Goodwin,196,90
Arinze Onuaku,206,115
Armen Gilliam,206,104
Armon Johnson,196,107
Arnett Moultrie,211,112
Aron Baynes,208,117
Arron Afflalo,196,95
Art Long,206,113
Arvydas Macijauskas,193,97
Austin Croshere,206,106
Austin Daye,211,99
Austin Rivers,193,90
Avery Bradley,188,81
Avery Johnson,178,79
Awvee Storey,198,100
Axel Toupane,201,89
B.J. Armstrong,201,102
Baron Davis,190,94
Ben Bentil,206,106
Ben Davis,206,108
Ben Gordon,190,90
Ben Handlogten,208,108
Ben Hansbrough,190,92
Ben McLemore,196,88
Ben Uzoh,190,92
Ben Wallace,206,108
Beno Udrih,190,92
Benoit Benjamin,213,113
Bernard James,208,108
Bernard Robinson,198,95
Bill Curley,206,99
Bill Wennington,213,111
Billy Owens,203,99
Billy Thomas,193,94
Bimbo Coles,185,81
Bismack Biyombo,206,115
Blake Ahearn,188,86
Blake Griffin,208,113
Bo Outlaw,203,95
Bob Sura,196,90
Boban Marjanovic,221,131
Bobby Brown,193,92
Bobby Jackson,185,83
Bobby Jones,206,95
Bobby Phills,196,95
Bobby Portis,211,104
Bobby Simmons,201,95
Bojan Bogdanovic,198,92
Boniface N'Dong,213,89
Bonzi Wells,196,95
Boris Diaw,203,113
Bostjan Nachbar,206,100
Bracey Wright,211,102
Brad Miller,211,110
Bradley Beal,196,93
Brandan Wright,211,102
Branden Dawson,198,102
Brandin Knight,178,78
Brandon Armstrong,196,85
Brandon Bass,203,113
Brandon Davies,208,108
Brandon Hunter,201,117
Brandon Ingram,206,86
Brandon Jennings,185,77
Brandon Knight,178,78
Brandon Roy,198,97
Brandon Rush,198,99
Brandon Williams,198,97
Brendan Haywood,213,121
Brent Barry,198,83
Brent Price,185,74
Brevin Knight,178,78
Brian Cardinal,203,111
Brian Cook,206,106
Brian Grant,206,115
Brian Roberts,185,78
Brian Scalabrine,206,109
Brian Shaw,198,86
Brian Skinner,206,115
Briante Weber,188,74
Brice Johnson,208,95
Britton Johnsen,208,95
Brook Lopez,213,124
Bruce Bowen,201,83
Bruno Caboclo,206,98
Bruno Sundov,218,99
Bryant Reeves,213,124
Bryant Stith,196,94
Bryce Cotton,185,74
Bryce Dejean-Jones,198,94
Bryce Drew,188,83
Bryn Forbes,190,86
Bryon Russell,201,102
Buddy Hield,193,97
Byron Mullens,213,124
C.J. McCollum,190,86
C.J. Miles,185,79
C.J. Watson,211,117
C.J. Wilcox,203,90
Cal Bowdler,208,111
Calbert Cheaney,201,94
Calvin Booth,211,104
Cameron Bairstow,206,113
Cameron Payne,190,83
Caris LeVert,201,92
Carl Landry,206,112
Carldell Johnson,178,81
Carlos Arroyo,188,91
Carlos Boozer,206,117
Carlos Delfino,198,104
Carlos Rogers,211,99
Carmelo Anthony,203,108
Caron Butler,201,103
Carrick Felix,198,91
Cartier Martin,201,99
Casey Jacobsen,198,97
Casper Ware,178,79
Cedric Bozeman,198,93
Cedric Ceballos,198,86
Cedric Henderson,203,95
Cedric Jackson,190,86
Cedric Simmons,206,106
Cezary Trybanski,218,108
Chandler Parsons,208,104
Channing Frye,211,115
Charles Jenkins,190,99
Charles Jones,206,97
Charles Oakley,203,102
Charles Smith,208,104
Charlie Bell,190,90
Charlie Villanueva,211,105
Charlie Ward,188,86
Chase Budinger,201,94
Chasson Randle,188,83
Chauncey Billups,190,91
Cheick Diallo,206,99
Cheikh Samb,216,111
Cherokee Parks,196,95
Chinanu Onuaku,208,111
Chris Andersen,208,111
Chris Anstey,213,112
Chris Babb,196,102
Chris Bosh,211,106
Chris Carr,196,93
Chris Childs,190,88
Chris Copeland,206,108
Chris Crawford,206,106
Chris Douglas-Roberts,201,90
Chris Dudley,188,81
Chris Duhon,185,83
Chris Garner,178,70
Chris Gatling,208,99
Chris Herren,188,89
Chris Hunter,211,108
Chris Jefferies,203,102
Chris Johnson,183,77
Chris Kaman,213,120
Chris McCray,196,87
Chris McCullough,211,90
Chris Mihm,213,120
Chris Mills,198,97
Chris Owens,201,111
Chris Paul,183,79
Chris Porter,201,98
Chris Quinn,188,83
Chris Richard,206,122
Chris Singleton,203,104
Chris Smith,208,104
Chris Taft,208,117
Chris Webber,206,111
Chris Whitney,183,76
Chris Wilcox,208,100
Chris Wright,203,102
Christian Eyenga,196,95
Christian Laettner,211,106
Christian Wood,211,99
Chuck Hayes,198,108
Chuck Person,203,99
Chucky Atkins,180,72
Chucky Brown,201,97
Clarence Weatherspoon,198,108
Cleanthony Early,203,95
Cliff Alexander,203,111
Clifford Robinson,206,99
Clint Capela,206,98
Coby Karl,196,97
Cody Zeller,213,108
Cole Aldrich,211,113
Corey Benjamin,198,90
Corey Brewer,206,84
Corey Maggette,198,98
Corie Blount,206,108
Corliss Williamson,188,86
Corsley Edwards,206,124
Cory Alexander,185,83
Cory Higgins,196,81
Cory Jefferson,206,98
Cory Joseph,190,87
Coty Clarke,201,105
Courtney Alexander,185,83
Courtney Fortson,180,83
Courtney Lee,196,90
Courtney Sims,208,111
Craig Brackins,208,104
Craig Smith,201,113
Cristiano Felicio,208,124
Curtis Borchardt,213,108
Cuttino Mobley,193,86
D'Angelo Russell,188,86
D.J. Augustin,206,106
D.J. Kennedy,211,111
D.J. Stephens,203,97
D.J. Strawberry,211,113
D.J. White,190,90
DaJuan Summers,203,104
Daequan Cook,190,83
Dahntay Jones,190,83
Dajuan Wagner,183,77
Dale Davis,211,104
Dale Ellis,201,92
Dalibor Bagaric,216,115
Damian Jones,190,83
Damian Lillard,190,88
Damien Inglis,203,111
Damien Wilkins,208,99
Damion James,201,102
Damir Markota,208,102
Damjan Rudez,208,103
Damon Jones,190,83
Damon Stoudamire,178,77
Damone Brown,188,79
Dan Dickau,183,86
Dan Gadzuric,211,108
Dan Langhi,211,99
Dan Majerle,198,97
Dan McClintock,213,122
Dana Barros,180,73
Daniel Ewing,190,83
Daniel Gibson,188,86
Daniel Ochefu,211,111
Daniel Orton,208,115
Daniel Santiago,216,116
Danilo Gallinari,208,102
Danny Ferry,208,104
Danny Fortson,201,117
Danny Granger,206,100
Danny Green,206,100
Danny Manning,208,104
Dante Cunningham,203,104
Dante Exum,198,86
Danuel House,201,93
Darington Hobson,201,95
Dario Saric,208,101
Darius Johnson-Odom,201,95
Darius Miles,206,95
Darius Miller,203,106
Darius Morris,193,86
Darius Songaila,206,112
Darius Washington,188,88
Darko Milicic,213,113
Darnell Jackson,206,114
Darrell Armstrong,183,77
Darrell Arthur,206,106
Darren Collison,183,79
Darrick Martin,180,77
Darrun Hilliard,198,92
Darryl Watkins,211,117
Darvin Ham,201,99
David Andersen,208,104
David Benoit,203,99
David Harrison,213,127
David Lee,201,102
David Noel,198,104
David Nwaba,193,94
David Stockton,180,74
David Vanterpool,196,90
David Wear,208,104
David Wesley,183,86
David West,206,113
David Wingate,196,83
Davis Bertans,208,95
DeAndre Jordan,211,120
DeAndre Liggins,198,94
DeAndre' Bembry,198,95
DeJuan Blair,201,122
DeMar DeRozan,201,100
DeMarco Johnson,193,83
DeMarcus Cousins,211,122
DeMarcus Nelson,193,90
DeMarre Carroll,203,97
DeQuan Jones,203,100
DeSagana Diop,213,136
DeShawn Stevenson,196,95
Dean Garrett,208,102
Dean Oliver,180,81
Dedric Willoughby,190,81
Dee Brown,185,72
Dejounte Murray,196,77
Dell Curry,193,86
Delon Wright,196,83
Delonte West,193,81
Demetris Nichols,203,97
Demetrius Jackson,185,91
Deng Gai,206,113
Dennis Horner,206,104
Dennis Schroder,185,78
Dennis Scott,203,103
Denzel Valentine,198,96
DerMarr Johnson,193,83
Derek Anderson,196,87
Derek Fisher,185,90
Derek Hood,203,100
Derek Strong,203,99
Deron Williams,190,90
Derrick Brown,185,72
Derrick Byars,201,99
Derrick Caracter,206,124
Derrick Coleman,208,104
Derrick Dial,193,83
Derrick Favors,208,120
Derrick Jones,203,100
Derrick McKey,206,92
Derrick Rose,190,86
Derrick Williams,190,90
Derrick Zimmerman,190,88
Desmon Farmer,196,99
Desmond Ferguson,201,92
Desmond Mason,201,101
Desmond Penigar,201,111
Detlef Schrempf,206,97
Devean George,203,99
Devin Booker,198,93
Devin Brown,185,72
Devin Ebanks,206,97
Devin Gray,201,108
Devin Green,201,95
Devin Harris,190,87
Devyn Marble,198,90
Dewayne Dedmon,213,111
Dexter Pittman,211,139
Deyonta Davis,211,107
Diamond Stone,211,115
Diante Garrett,190,83
Dickey Simpkins,206,112
Didier Ilunga-Mbenga,198,97
Dijon Thompson,201,88
Dion Glover,196,103
Dion Waiters,193,102
Dionte Christmas,196,92
Dirk Nowitzki,213,111
Domantas Sabonis,211,108
Dominic McGuire,206,99
Dominique Jones,203,99
Don MacLean,208,106
Don Reid,203,113
Donald Sloan,190,92
Donatas Motiejunas,213,100
Donell Taylor,198,81
Donnell Harvey,203,99
Donny Marshall,206,98
Donta Smith,188,86
Donte Greene,211,102
Dontell Jefferson,196,88
Donyell Marshall,206,98
Dorell Wright,206,92
Dorian Finney-Smith,203,99
Doron Lamb,193,95
Doug Christie,198,90
Doug McDermott,203,102
Doug Overton,190,86
Doug West,198,90
Dragan Bender,216,102
Dragan Tarlac,208,117
Draymond Green,201,104
Drew Barry,196,86
Drew Gooden,208,113
Drew Gordon,206,111
Duane Causwell,213,108
Duje Dukan,206,99
Dwayne Jones,208,95
Dwight Buycks,190,86
Dwight Howard,211,120
Dwight Powell,211,108
Dwyane Wade,193,99
E'Twaun Moore,208,102
Earl Barron,213,113
Earl Boykins,165,61
Earl Clark,208,102
Earl Watson,185,88
Ed Davis,208,108
Eddie Basden,196,97
Eddie Gill,183,86
Eddie Griffin,208,99
Eddie House,185,81
Eddie Jones,208,102
Eddie Robinson,203,95
Eddy Curry,213,133
Eduardo Najera,203,108
Edwin Ubiles,198,92
Edy Tavares,211,115
Efthimi Rentzias,211,113
Ekpe Udoh,208,108
Elden Campbell,211,97
Eldridge Recasner,190,86
Elfrid Payton,193,83
Elias Harris,203,108
Elijah Millsap,198,102
Elliot Perry,183,68
Elliot Williams,196,86
Elton Brand,203,124
Emanual Davis,193,88
Emeka Okafor,208,114
Emmanuel Mudiay,196,90
Enes Kanter,211,111
Eric Bledsoe,185,86
Eric Dawson,206,113
Eric Gordon,193,97
Eric Maynor,190,79
Eric Montross,213,122
Eric Moreland,208,107
Eric Murdock,185,86
Eric Piatkowski,201,97
Eric Snow,190,86
Eric Williams,203,99
Erick Barkley,185,80
Erick Dampier,211,120
Erick Green,193,83
Erick Strickland,190,95
Erik Daniels,203,97
Erik Murphy,208,104
Ernest Brown,213,110
Ersan Ilyasova,208,106
Ervin Johnson,188,92
Esteban Batista,208,122
Etan Thomas,206,116
Etdrick Bohannon,206,99
Eugene Jeter,180,79
Evan Eschmeyer,211,115
Evan Fournier,201,92
Evan Turner,201,99
Fab Melo,213,115
Fabricio Oberto,208,111
Felipe Lopez,196,90
Felton Spencer,213,120
Festus Ezeli,211,115
Francisco Elson,213,106
Francisco Garcia,201,88
Frank Kaminsky,213,109
Frank Williams,193,86
Fred Hoiberg,193,92
Fred Jones,193,95
Fred VanVleet,183,88
Fred Vinson,193,86
Furkan Aldemir,208,108
Gabe Pruitt,193,77
Gal Mekel,190,86
Gani Lawal,206,106
Garret Siler,211,138
Garrett Temple,198,88
Garth Joseph,218,142
Gary Forbes,201,99
Gary Grant,190,83
Gary Harris,193,95
Gary Neal,193,95
Gary Payton,193,81
Gary Payton,193,81
Gary Trent,203,113
Geno Carlisle,190,81
George Hill,190,85
George Lynch,203,98
George McCloud,198,92
Georges Niang,203,104
Georgios Papagiannis,216,108
Gerald Fitch,190,85
Gerald Green,201,92
Gerald Henderson,188,79
Gerald Wallace,201,97
Gerard King,183,79
Gheorghe Muresan,231,137
Giannis Antetokounmpo,211,100
Gilbert Arenas,190,86
Glen Davis,206,131
Glen Rice,201,97
Glenn Robinson,201,102
Goran Dragic,190,86
Gordan Giricek,198,95
Gordon Hayward,203,102
Gorgui Dieng,211,109
Grant Hill,203,102
Grant Jerrett,208,106
Grant Long,203,102
Greg Anthony,183,79
Greg Buckner,193,95
Greg Foster,211,108
Greg Monroe,211,120
Greg Oden,213,113
Greg Ostertag,218,127
Greg Smith,196,88
Greg Stiemsma,211,117
Greivis Vasquez,198,98
Guillermo Diaz,188,87
Gustavo Ayon,208,113
Guy Rucker,211,120
Ha Seung-Jin,221,138
Hakim Warrick,206,99
Hamady N'Diaye,213,106
Hamed Haddadi,218,115
Hanno Mottola,211,112
Harold Jamison,203,117
Harrison Barnes,190,92
Hasheem Thabeet,221,119
Hassan Adams,193,99
Hassan Whiteside,213,120
Haywoode Workman,188,81
Hedo Turkoglu,208,99
Henry Ellenson,211,111
Henry Sims,208,112
Henry Walker,196,83
Hersey Hawkins,190,86
Hilton Armstrong,211,106
Hiram Fuller,206,108
Hollis Thompson,203,93
Horace Grant,208,97
Horace Jenkins,185,81
Howard Eisley,188,80
Hubert Davis,196,83
Ian Clark,190,79
Ian Mahinmi,211,113
Ibo Kutluay,198,90
Igor Rakocevic,190,83
Ike Diogu,203,113
Iman Shumpert,196,99
Ime Udoka,198,97
Ira Bowman,196,88
Ira Newble,201,99
Isaac Austin,208,115
Isaac Fontaine,193,95
Isaiah Canaan,183,91
Isaiah Rider,196,97
Isaiah Taylor,190,77
Isaiah Thomas,185,81
Isaiah Whitehead,193,96
Ish Smith,183,79
Ivan Johnson,203,104
Ivan McFarlin,203,108
Ivica Zubac,216,120
J.J. Barea,203,94
J.J. Hickson,218,122
J.J. O'Brien,185,81
J.J. Redick,188,86
J.R. Bremer,206,117
J.R. Giddens,216,115
J.R. Reid,203,106
J.R. Smith,188,86
JaJuan Johnson,206,113
JaKarr Sampson,211,106
JaMychal Green,206,102
JaVale McGee,213,122
Jabari Brown,193,97
Jabari Parker,203,113
Jabari Smith,211,113
Jack Cooley,206,117
Jackie Butler,208,113
Jackson Vroman,208,99
Jacque Vaughn,185,86
Jae Crowder,198,106
Jahidi White,206,131
Jahlil Okafor,211,124
Jake Layman,206,95
Jake Tsakalidis,218,129
Jake Voskuhl,211,111
Jakob Poeltl,213,112
Jalen Rose,203,95
Jamaal Franklin,196,86
Jamaal Magloire,211,117
Jamaal Tinsley,190,88
Jamal Crawford,196,90
Jamal Mashburn,203,108
Jamal Murray,193,93
Jamal Robinson,198,95
Jamal Sampson,211,106
Jamario Moon,203,92
Jameer Nelson,183,86
Jamel Thomas,198,97
James Anderson,198,96
James Augustine,208,106
James Ennis,201,95
James Harden,196,99
James Johnson,206,113
James Jones,190,81
James Lang,208,129
James Michael,198,90
James Nunnally,201,92
James Posey,203,97
James Robinson,198,95
James Singleton,203,97
James Southerland,203,97
James Thomas,198,97
James White,206,131
James Young,198,97
JamesOn Curry,190,86
Jamie Feick,206,115
Jamison Brewer,193,83
Jan Vesely,211,108
Jannero Pargo,185,79
Jared Cunningham,193,88
Jared Dudley,201,102
Jared Jeffries,211,104
Jared Reiner,211,115
Jared Sullinger,206,117
Jarell Eddie,201,98
Jarell Martin,208,108
Jaren Jackson,193,86
Jarnell Stokes,206,119
Jarrett Jack,190,90
Jarrod Uthoff,206,100
Jarron Collins,193,88
Jarvis Hayes,201,99
Jarvis Varnado,206,104
Jason Caffey,203,115
Jason Collier,193,88
Jason Collins,193,88
Jason Hart,190,83
Jason Kapono,203,96
Jason Kidd,193,92
Jason Maxiell,201,117
Jason Miskiri,188,79
Jason Richardson,198,99
Jason Smith,211,113
Jason Terry,188,83
Jason Thompson,185,83
Jason Williams,206,108
Javaris Crittenton,196,90
Jawad Williams,206,108
Jay Williams,206,108
Jaylen Brown,193,97
Jeff Adrien,201,111
Jeff Ayres,188,83
Jeff Foote,213,120
Jeff Foster,211,107
Jeff Green,196,88
Jeff Hornacek,190,86
Jeff McInnis,193,86
Jeff Teague,188,84
Jeff Trepagnier,193,90
Jeff Withey,213,104
Jeffery Taylor,193,79
Jelani McCoy,208,111
Jerami Grant,203,95
Jerel McNeal,190,90
Jeremy Evans,206,90
Jeremy Lamb,196,83
Jeremy Lin,190,90
Jeremy Pargo,188,99
Jeremy Richardson,198,83
Jeremy Tyler,208,117
Jerian Grant,203,95
Jermaine Jackson,193,92
Jermaine O'Neal,211,102
Jermaine Taylor,193,79
Jermareo Davidson,208,104
Jerome Beasley,208,107
Jerome Dyson,190,81
Jerome James,213,136
Jerome Jordan,213,114
Jerome Kersey,201,97
Jerome Moiso,208,106
Jerome Williams,206,93
Jerrelle Benimon,203,111
Jerry Smith,188,86
Jerry Stackhouse,198,98
Jerryd Bayless,190,90
Jeryl Sasser,198,90
Jim Jackson,198,99
Jim McIlvaine,216,108
Jimmer Fredette,188,88
Jimmy Butler,201,99
Jiri Welsch,201,94
Joakim Noah,211,104
Jodie Meeks,193,95
Joe Alexander,203,104
Joe Crawford,196,95
Joe Crispin,183,83
Joe Harris,198,99
Joe Ingles,203,102
Joe Johnson,201,90
Joe Kleine,211,115
Joe Smith,213,106
Joe Stephens,201,95
Joe Young,188,81
Joel Anthony,206,111
Joel Bolomboy,206,106
Joel Embiid,213,113
Joel Freeland,208,113
Joel Przybilla,216,115
Joey Dorsey,203,121
Joey Graham,201,102
Joffrey Lauvergne,211,99
Johan Petro,213,112
John Amaechi,208,122
John Celestand,193,80
John Coker,213,114
John Crotty,185,83
John Edwards,213,124
John Henson,211,103
John Jenkins,193,97
John Lucas,190,79
John Salley,211,104
John Salmons,201,95
John Starks,190,81
John Thomas,198,92
John Wall,193,88
John Wallace,203,102
Johnny Newman,201,86
Johnny O'Bryant,206,116
Johnny Taylor,206,99
Jon Barry,193,88
Jon Brockman,201,115
Jon Leuer,208,103
Jonas Jerebko,208,104
Jonas Valanciunas,213,120
Jonathan Bender,211,91
Jonathan Gibson,188,83
Jonathon Simmons,185,83
Jonny Flynn,183,83
Jordan Adams,196,94
Jordan Clarkson,196,87
Jordan Crawford,196,95
Jordan Farmar,188,81
Jordan Hamilton,178,72
Jordan Hill,208,106
Jordan McRae,198,83
Jordan Mickey,203,106
Jordan Williams,188,83
Jorge Garbajosa,206,111
Jorge Gutierrez,190,86
Jose Calderon,190,90
Joseph Forte,193,87
Josh Akognon,180,83
Josh Boone,208,107
Josh Childress,203,95
Josh Davis,188,77
Josh Harrellson,208,124
Josh Howard,201,95
Josh Huestis,201,104
Josh McRoberts,208,108
Josh Powell,206,102
Josh Richardson,198,90
Josh Selby,188,83
Josh Smith,213,106
Jrue Holiday,193,92
Juan Carlos,203,92
Juan Dixon,190,74
Juan Hernangomez,206,104
Juaquin Hawkins,201,99
Jud Buechler,198,99
Julian Wright,203,102
Julius Hodge,201,95
Julius Randle,206,113
Julyan Stone,198,90
Jumaine Jones,203,98
Junior Harrington,193,81
Justin Anderson,198,103
Justin Dentmon,180,83
Justin Hamilton,213,117
Justin Harper,208,102
Justin Holiday,198,83
Justin Reed,203,108
Justin Williams,208,102
Justise Winslow,201,102
Jusuf Nurkic,213,127
Juwan Howard,206,108
K.J. McDaniels,198,90
Kalin Lucas,185,88
Kaniel Dickens,203,97
Kareem Rush,198,97
Karl-Anthony Towns,213,110
Kasib Powell,201,97
Kawhi Leonard,201,104
Kay Felder,175,79
Kedrick Brown,201,100
Keith Appling,185,83
Keith Benson,208,106
Keith Bogans,196,97
Keith Closs,221,96
Keith Langford,193,97
Keith McLeod,188,85
Keith Van,208,104
Kelenna Azubuike,196,99
Kelly Olynyk,213,107
Kelly Oubre,201,92
Kelvin Cato,211,115
Kemba Walker,203,95
Ken Johnson,203,108
Kendall Gill,196,88
Kendall Marshall,193,90
Kendrick Perkins,208,122
Kenneth Faried,203,103
Kenny Anderson,183,76
Kenny Satterfield,188,84
Kenny Thomas,201,118
Kent Bazemore,196,91
Kentavious Caldwell-Pope,196,92
Kenyon Martin,206,106
Keon Clark,211,99
Kerry Kittles,196,81
Kevin Burleson,190,92
Kevin Durant,206,108
Kevin Edwards,190,86
Kevin Garnett,211,108
Kevin Johnson,203,108
Kevin Jones,203,113
Kevin Love,208,113
Kevin Martin,206,106
Kevin Murphy,196,83
Kevin Ollie,193,88
Kevin Seraphin,206,129
Kevin Willis,188,79
Kevinn Pinkney,208,111
Kevon Looney,206,99
Keyon Dooling,190,88
Khalid El-Amin,178,90
Khalid Reeves,190,90
Khris Middleton,203,106
Kim English,198,90
Kirk Haston,206,109
Kirk Hinrich,193,86
Kirk Penney,196,99
Kirk Snyder,198,102
Kiwane Garris,188,83
Klay Thompson,201,97
Kobe Bryant,198,96
Kornel David,206,106
Kosta Koufos,213,120
Kosta Perovic,218,108
Kostas Papanikolaou,203,102
Kris Dunn,193,95
Kris Humphries,206,106
Kris Joseph,201,95
Kristaps Porzingis,221,108
Kurt Thomas,206,104
Kwame Brown,211,122
Kyle Anderson,206,104
Kyle Korver,201,96
Kyle Lowry,183,92
Kyle O'Quinn,208,113
Kyle Singler,203,103
Kyle Weaver,198,91
Kyle Wiltjer,208,108
Kyrie Irving,190,87
Kyrylo Fesenko,216,130
LaMarcus Aldridge,211,117
LaPhonso Ellis,203,108
Lamar Odom,208,99
Lamar Patterson,196,102
Lamond Murray,201,107
Lance Allred,211,113
Lance Stephenson,196,104
Lance Thomas,203,106
Landry Fields,201,95
Langston Galloway,188,90
Lari Ketner,206,125
Laron Profit,196,92
Larry Drew,185,77
Larry Hughes,196,83
Larry Johnson,190,92
Larry Nance,208,92
Larry Owens,201,95
Larry Robinson,190,81
Larry Sanders,211,106
Latrell Sprewell,196,86
Lavor Postell,196,97
Lavoy Allen,206,117
Lawrence Funderburke,206,104
Lawrence Roberts,206,108
Lazar Hayward,198,102
Lazaro Borrell,203,99
LeBron James,203,113
Leandro Barbosa,190,87
Lee Nailon,206,107
Leon Powe,203,108
Leon Smith,208,106
Lester Hudson,190,86
Linas Kleiza,203,111
Lindsey Hunter,188,77
Linton Johnson,203,92
Lionel Chalmers,183,81
Lonny Baxter,203,117
Loren Woods,216,111
Lorenzen Wright,188,92
Lorenzo Brown,196,85
Lorenzo Williams,206,90
Lou Amundson,206,99
Lou Williams,206,90
Loy Vaught,206,104
Luc Longley,218,120
Luc Mbah,201,99
Lucas Nogueira,213,109
Lucious Harris,196,86
Luigi Datome,203,97
Luis Flores,188,90
Luis Montero,201,83
Luis Scola,206,108
Luke Babbitt,206,102
Luke Harangody,203,111
Luke Jackson,206,108
Luke Ridnour,188,79
Luke Schenscher,216,115
Luke Walton,203,106
Luke Zeller,211,111
Luol Deng,206,99
Luther Head,190,83
Lynn Greer,188,79
Maalik Wayns,188,90
Maceo Baston,206,97
Maciej Lampe,211,124
Mahmoud Abdul-Rauf,188,83
Malachi Richardson,198,92
Malcolm Brogdon,196,97
Malcolm Delaney,190,86
Malcolm Lee,196,90
Malcolm Thomas,206,102
Malik Allen,208,115
Malik Beasley,196,88
Malik Hairston,198,99
Malik Rose,201,113
Malik Sealy,203,86
Mamadou N'Diaye,203,111
Manny Harris,196,83
Manu Ginobili,198,92
MarShon Brooks,196,90
Marc Gasol,216,115
Marc Jackson,185,81
Marcelo Huertas,190,90
Marcin Gortat,211,108
Marco Belinelli,196,95
Marcus Banks,188,90
Marcus Brown,190,83
Marcus Camby,211,99
Marcus Cousin,211,111
Marcus Fizer,206,118
Marcus Georges-Hunt,196,97
Marcus Haislip,208,104
Marcus Landry,201,104
Marcus Morris,188,88
Marcus Smart,193,99
Marcus Thornton,193,92
Marcus Vinicius,206,97
Marcus Williams,185,89
Mardy Collins,198,99
Mario Bennett,198,106
Mario Chalmers,188,86
Mario Elie,196,95
Mario Hezonja,203,97
Mario Kasun,216,117
Mario West,208,104
Mark Blount,213,104
Mark Bryant,206,111
Mark Davis,198,88
Mark Hendrickson,206,99
Mark Jackson,185,81
Mark Jones,206,102
Mark Madsen,206,108
Mark Pope,208,106
Mark Strickland,206,95
Mark West,208,104
Markel Brown,190,83
Markieff Morris,188,88
Marko Jaric,201,89
Marquese Chriss,208,105
Marquis Daniels,198,90
Marquis Teague,188,85
Marreese Speights,208,115
Marshall Plumlee,211,111
Martell Webster,216,102
Marty Conlon,208,101
Martynas Andriuskevicius,218,108
Marvin Williams,185,89
Mason Plumlee,211,111
Mateen Cleaves,188,92
Matt Barnes,203,95
Matt Bonner,208,106
Matt Bullard,208,97
Matt Carroll,198,96
Matt Freije,208,108
Matt Geiger,213,110
Matt Harpring,201,104
Matt Maloney,190,87
Matt Walsh,198,92
Matthew Dellavedova,193,89
Maurice Ager,196,91
Maurice Baker,185,79
Maurice Carter,196,95
Maurice Evans,196,99
Maurice Harkless,206,97
Maurice Ndour,206,90
Maurice Taylor,206,117
Mehmet Okur,211,112
Melvin Ely,208,117
Melvin Sanders,196,95
Mengke Bateer,211,131
Metta World,190,81
Meyers Leonard,216,111
Michael Beasley,206,106
Michael Bradley,208,111
Michael Cage,206,101
Michael Carter-Williams,198,86
Michael Curry,196,95
Michael Dickerson,196,86
Michael Doleac,211,118
Michael Finley,201,97
Michael Gbinije,201,90
Michael Hawkins,183,80
Michael Kidd-Gilchrist,201,105
Michael Olowokandi,213,122
Michael Redd,198,99
Michael Ruffin,206,111
Michael Smith,208,102
Michael Stewart,208,104
Mickael Gelabale,201,97
Mickael Pietrus,198,97
Mickell Gladness,211,99
Mike Batiste,203,102
Mike Bibby,185,86
Mike Conley,185,79
Mike Dunleavy,190,81
Mike Hall,203,104
Mike Harris,198,108
Mike James,188,85
Mike Miller,203,98
Mike Muscala,211,108
Mike Penberthy,190,83
Mike Scott,203,107
Mike Smith,208,102
Mike Sweetney,203,124
Mike Taylor,188,74
Mike Tobey,213,117
Mike Wilks,178,83
Mikki Moore,211,102
Mile Ilic,216,104
Miles Plumlee,211,112
Milt Palacio,190,88
Mindaugas Kuzminskas,206,97
Miroslav Raduljica,213,113
Mirsad Turkcan,206,107
Mirza Teletovic,206,109
Mitch McGary,208,115
Mitchell Butler,188,77
Mo Williams,203,102
Monta Ellis,190,83
Montrezl Harrell,203,108
Monty Williams,203,102
Moochie Norris,185,79
Mookie Blaylock,183,81
Morris Almond,198,102
Morris Peterson,201,98
Mouhamed Sene,201,99
Muggsy Bogues,160,61
Mustafa Shakur,190,86
Mychel Thompson,208,102
Myles Turner,211,110
Nando De,206,97
Nate Huffman,216,111
Nate Robinson,175,81
Nate Wolters,193,86
Nathan Jawai,208,127
Nazr Mohammed,208,100
Ndudi Ebi,206,90
Nemanja Bjelica,208,108
Nemanja Nedovic,190,87
Nenad Krstic,213,108
Nene Hilario,211,113
Nerlens Noel,211,103
Nick Anderson,198,92
Nick Calathes,198,96
Nick Collison,208,115
Nick Fazekas,211,106
Nick Johnson,190,91
Nick Van,211,113
Nick Young,201,95
Nicolas Batum,203,90
Nicolas Brussino,201,88
Nicolas Laprovittola,193,81
Nik Stauskas,198,92
Nikola Jokic,208,113
Nikola Mirotic,208,99
Nikola Pekovic,211,139
Nikola Vucevic,213,117
Nikoloz Tskitishvili,213,102
Noah Vonleh,208,108
Noel Felix,206,102
Nolan Smith,188,83
Norm Richardson,196,86
Norman Powell,193,97
Norris Cole,188,79
O.J. Mayo,201,99
Obinna Ekezie,206,122
Ognjen Kuzmic,216,113
Okaro White,203,92
Olden Polynice,211,99
Oleksiy Pecherov,213,105
Oliver Lafayette,188,86
Oliver Miller,206,127
Olumide Oyedeji,208,108
Omar Cook,185,86
Omer Asik,213,115
Omri Casspi,206,102
Orien Greene,193,94
Orlando Johnson,196,99
Oscar Torres,198,95
Othella Harrington,206,106
Othello Hunter,203,102
Othyus Jeffers,196,90
Otis Thorpe,206,102
Otto Porter,203,89
P.J. Brown,229,106
P.J. Hairston,206,102
P.J. Tucker,206,97
Pablo Prigioni,190,83
Pape Sow,208,113
Pape Sy,201,102
Pascal Siakam,206,104
Pat Burke,211,113
Pat Connaughton,196,93
Pat Garrity,206,107
Patricio Garino,198,95
Patrick Beverley,185,83
Patrick Christopher,196,94
Patrick Ewing,213,108
Patrick Ewing,213,108
Patrick McCaw,201,83
Patrick O'Bryant,213,117
Patrick Patterson,206,104
Patty Mills,203,111
Pau Gasol,213,113
Paul Davis,211,122
Paul George,206,99
Paul Grant,213,111
Paul McPherson,193,95
Paul Millsap,203,111
Paul Pierce,201,106
Paul Shirley,208,104
Paul Zipser,203,97
Pavel Podkolzin,226,117
Peja Stojakovic,206,99
Pepe Sanchez,193,88
Pero Antic,211,117
Perry Jones,211,106
Pervis Ellison,206,95
Pete Chilcutt,208,104
Peter John,226,117
Peyton Siva,183,83
Phil Pressey,180,79
Pierre Jackson,178,81
Popeye Jones,203,113
Pops Mensah-Bonsu,206,108
Predrag Drobnjak,211,122
Predrag Savovic,198,102
Primoz Brezec,218,114
Quentin Richardson,198,101
Quincy Acy,201,108
Quincy Douby,190,79
Quincy Lewis,201,97
Quincy Miller,206,95
Quincy Pondexter,201,99
Quinn Cook,188,83
Quinton Ross,198,88
Qyntel Woods,203,100
R.J. Hunter,201,104
Raef LaFrentz,211,108
Rafael Araujo,211,127
Rafer Alston,188,77
Raja Bell,196,92
Rajon Rondo,185,84
Rakeem Christmas,206,113
Ramon Sessions,190,86
Randell Jackson,188,86
Randolph Morris,208,120
Randy Brown,203,99
Randy Foye,193,96
Randy Holcomb,206,102
Randy Livingston,193,94
Rashad McCants,193,93
Rashad Vaughn,198,91
Rashard Lewis,198,90
Rasheed Wallace,208,102
Rasho Nesterovic,213,112
Rasual Butler,201,97
Ratko Varda,216,117
Raul Lopez,185,77
Raul Neto,185,81
Rawle Marshall,206,86
Ray Allen,203,99
Ray McCallum,190,86
Raymond Felton,185,92
Reece Gaines,198,92
Reggie Bullock,201,92
Reggie Evans,203,111
Reggie Jackson,190,94
Reggie Jordan,193,88
Reggie Slater,201,97
Reggie Williams,201,86
Renaldo Balkman,203,94
Renaldo Major,201,90
Rex Chapman,193,83
Rex Walters,193,86
Richard Hamilton,198,83
Richard Jefferson,201,105
Richaun Holmes,208,111
Richie Frahm,196,95
Rick Brunson,193,86
Rick Fox,201,104
Rick Hughes,196,97
Ricky Davis,198,88
Ricky Ledo,201,88
Ricky Rubio,193,87
Rik Smits,224,113
Rob Kurz,206,105
Robbie Hummel,203,97
Robert Archibald,211,113
Robert Covington,206,97
Robert Hite,188,83
Robert Horry,206,99
Robert Pack,188,81
Robert Sacre,213,122
Robert Swift,213,111
Robert Traylor,203,128
Robert Whaley,208,117
Robin Lopez,213,115
Rod Strickland,196,90
Rodney Buford,196,85
Rodney Carney,201,92
Rodney Hood,203,93
Rodney McGruder,193,92
Rodney Rogers,201,106
Rodney Stuckey,196,95
Rodney White,203,95
Rodrick Rhodes,198,102
Rodrigue Beaubois,183,77
Roger Mason,196,90
Roger Powell,198,106
Roko Ukic,196,83
Ron Baker,193,99
Ron Harper,198,83
Ron Mercer,201,95
Ronald Dupree,201,94
Ronald Murray,193,86
Rondae Hollis-Jefferson,201,99
Ronnie Brewer,193,81
Ronnie Price,188,86
Ronny Turiaf,208,112
Roshown McLeod,203,100
Roy Hibbert,218,122
Roy Rogers,201,106
Royal Ivey,190,90
Royce White,203,95
Ruben Boumtje-Boumtje,213,116
Ruben Garces,206,111
Ruben Patterson,196,101
Ruben Wolkowyski,208,122
Rudy Fernandez,198,83
Rudy Gay,203,104
Rudy Gobert,216,111
Russ Smith,183,74
Russell Westbrook,190,90
Rusty LaRue,188,95
Ryan Anderson,208,108
Ryan Bowen,201,97
Ryan Gomes,201,113
Ryan Hollins,213,108
Ryan Humphrey,203,106
Ryan Kelly,211,104
Ryan Reid,203,105
Ryan Robertson,196,86
Ryan Stack,211,97
Salah Mejri,216,111
Salim Stoudamire,185,81
Sam Cassell,190,83
Sam Dekker,206,104
Sam Jacobson,193,97
Sam Mack,201,99
Sam Mitchell,198,95
Sam Perkins,206,106
Sam Young,198,99
Samaki Walker,206,108
Samardo Samuels,206,117
Samuel Dalembert,211,115
Sarunas Jasikevicius,193,88
Sasha Kaun,211,117
Sasha Pavlovic,211,122
Sasha Vujacic,201,88
Scot Pollard,211,120
Scott Burrell,201,98
Scott Machado,185,92
Scott Padgett,206,108
Scott Williams,208,104
Scotty Hopson,201,92
Sean Colson,183,79
Sean Elliott,203,92
Sean Kilpatrick,193,95
Sean Lampley,201,102
Sean Marks,208,113
Sean May,206,120
Sean Rooks,208,113
Sean Singletary,183,83
Sean Williams,208,106
Sebastian Telfair,183,74
Semaj Christon,190,86
Semih Erden,213,108
Serge Ibaka,208,106
Sergei Monia,203,99
Sergey Karasev,201,94
Sergio Rodriguez,190,79
Seth Curry,188,83
Shabazz Muhammad,198,101
Shabazz Napier,185,79
Shammond Williams,185,91
Shandon Anderson,198,94
Shane Battier,203,99
Shane Edwards,201,99
Shane Heal,183,81
Shane Larkin,180,79
Shannon Brown,193,92
Shareef Abdur-Rahim,206,102
Sharrod Ford,201,95
Shaun Livingston,201,87
Shavlik Randolph,208,108
Shawn Bradley,229,106
Shawn Kemp,208,104
Shawn Long,206,115
Shawn Marion,201,99
Shawne Williams,185,91
Shawnelle Scott,208,113
Shayne Whittington,211,113
Shelden Williams,185,91
Sheldon McClellan,196,90
Shelvin Mack,190,92
Sherman Douglas,183,81
Sherron Collins,180,92
Sim Bhullar,226,163
Skal Labissiere,211,102
Slavko Vranes,226,124
Smush Parker,193,86
Solomon Alabi,216,113
Solomon Hill,201,102
Solomon Jones,208,104
Sonny Weems,198,92
Soumaila Samake,213,104
Speedy Claxton,180,75
Spencer Dinwiddie,198,90
Spencer Hawes,216,111
Stacey Augmon,203,92
Stanislav Medvedenko,208,113
Stanley Johnson,203,99
Stanley Roberts,213,129
Stephane Lasme,203,97
Stephen Curry,190,86
Stephen Graham,198,97
Stephen Jackson,190,83
Stephen Zimmerman,213,108
Stephon Marbury,188,81
Steve Blake,190,78
Steve Francis,190,88
Steve Goodrich,208,99
Steve Kerr,190,79
Steve Nash,190,88
Steve Novak,208,102
Steve Smith,201,90
Steven Adams,213,115
Steven Hill,213,112
Steven Hunter,213,99
Steven Smith,201,90
Stromile Swift,206,102
Sun Yue,206,92
Sundiata Gaines,185,83
T.J. Ford,201,92
T.J. McConnell,208,108
T.J. Warren,208,108
Taj Gibson,206,102
Tamar Slay,203,97
Tang Hamilton,203,99
Tarence Kinsey,198,83
Tarik Black,206,113
Tariq Abdul-Wahad,198,101
Taurean Green,183,80
Taurean Waller-Prince,183,88
Taylor Griffin,201,107
Tayshaun Prince,206,96
Terence Morris,206,100
Terrance Roberson,201,97
Terrel Harris,196,86
Terrell Brandon,180,81
Terrence Jones,206,114
Terrence Ross,201,93
Terrence Williams,198,99
Terry Cummings,206,99
Terry Davis,206,102
Terry Mills,208,104
Terry Porter,190,88
Terry Rozier,188,86
Thabo Sefolosha,201,99
Thaddeus Young,203,100
Thanasis Antetokounmpo,201,92
Theo Ratliff,208,102
Theron Smith,203,102
Thomas Gardner,196,102
Thomas Hamilton,218,149
Thomas Robinson,208,107
Thon Maker,216,97
Tiago Splitter,211,111
Tibor Pleiss,221,116
Tierre Brown,188,85
Tim Duncan,211,113
Tim Frazier,185,77
Tim Hardaway,183,79
Tim James,201,96
Tim Legler,193,90
Tim Ohlbrecht,211,115
Tim Quarterman,198,88
Tim Thomas,208,104
Tim Young,213,99
Timofey Mozgov,216,124
Timothe Luwawu-Cabarrot,198,92
Tito Maddox,193,86
Tobias Harris,190,86
Toby Bailey,198,96
Todd Day,198,85
Todd Fuller,193,81
Todd MacCulloch,213,127
Tom Gugliotta,208,108
Tom Hammonds,206,97
Tomas Satoransky,201,95
Toney Douglas,188,88
Toni Kukoc,208,87
Tony Allen,193,96
Tony Battie,211,104
Tony Bobbitt,193,86
Tony Delk,185,85
Tony Farmer,206,110
Tony Massenburg,206,99
Tony Mitchell,201,92
Tony Parker,188,83
Tony Smith,201,95
Tony Snell,201,90
Tony Wroten,198,92
Tornike Shengelia,206,98
Torraye Braggs,203,111
Toure' Murry,196,88
Tracy McGrady,203,95
Tracy Murray,201,102
Trajan Langdon,190,89
Travis Best,180,82
Travis Diener,185,79
Travis Hansen,198,92
Travis Knight,213,106
Travis Leslie,193,92
Travis Outlaw,206,95
Travis Wear,208,104
Tremaine Fowlkes,203,99
Trenton Hassell,196,90
Treveon Graham,198,99
Trevor Ariza,203,97
Trevor Booker,203,103
Trey Burke,185,86
Trey Gilder,206,83
Trey Johnson,196,98
Trey Lyles,208,106
Trey Thompkins,206,107
Tristan Thompson,206,107
Troy Bell,185,81
Troy Daniels,193,92
Troy Hudson,185,77
Troy Murphy,211,111
Troy Williams,198,97
Ty Lawson,180,88
Tyler Ennis,190,87
Tyler Hansbrough,206,113
Tyler Honeycutt,203,85
Tyler Johnson,193,84
Tyler Ulis,178,68
Tyler Zeller,213,114
Tyreke Evans,198,99
Tyrone Corbin,198,95
Tyrone Hill,206,108
Tyrone Nesby,198,102
Tyronn Lue,183,79
Tyrus Thomas,206,97
Tyshawn Taylor,190,83
Tyson Chandler,216,108
Tyus Edney,178,68
Tyus Jones,188,88
Udonis Haslem,203,106
Uros Slokar,208,107
Vander Blue,193,90
Vassilis Spanoulis,193,88
Vernon Macklin,208,102
Vernon Maxwell,193,81
Viacheslav Kravtsov,213,117
Victor Alexander,206,120
Victor Claver,206,101
Victor Oladipo,193,95
Viktor Khryapa,206,95
Vin Baker,211,105
Vince Carter,198,99
Vincent Yarbrough,201,95
Vinny Del,198,88
Vitaly Potapenko,208,127
Vitor Faverani,211,117
Vlade Divac,216,110
Vladimir Radmanovic,208,102
Vladimir Stepania,213,107
Von Wafer,196,95
Vonteego Cummings,190,83
Voshon Lenard,193,92
Wade Baldwin,193,91
Walker Russell,196,88
Wally Szczerbiak,198,95
Walt Williams,193,88
Walter Herrmann,206,102
Walter McCarty,208,104
Walter Sharpe,206,111
Walter Tavares,221,117
Wang Zhizhi,213,115
Wayne Ellington,193,90
Wayne Selden,196,104
Wayne Simien,206,115
Wayne Turner,188,86
Wesley Johnson,201,97
Wesley Matthews,185,77
Wesley Person,198,88
Will Barton,198,79
Will Blalock,183,92
Will Bynum,183,83
Will Cherry,183,83
Will Conroy,188,88
Will Perdue,213,108
Will Solomon,185,83
William Avery,188,89
Willie Cauley-Stein,213,108
Willie Green,193,90
Willie Reed,206,106
Willie Warren,193,92
Willy Hernangomez,211,108
Wilson Chandler,203,102
Xavier Henry,198,99
Xavier Munford,196,90
Xavier Silas,196,92
Yakhouba Diawara,201,102
Yaroslav Korolev,206,92
Yi Jianlian,213,108
Yogi Ferrell,183,81
Yuta Tabuse,175,74
Zabian Dowdell,190,86
Zach LaVine,196,85
Zach Randolph,206,117
Zan Tabak,213,111
Zarko Cabarkapa,211,106
Zaza Pachulia,211,122
Zeljko Rebraca,213,116
Zendon Hamilton,211,113
Zoran Dragic,196,90
Zoran Planinic,201,88
Zydrunas Ilgauskas,221,107
